koala_transcript_id	koala_protein_id	koala_protein_length	ensembl_protein_id	ensembl_protein_length	alignment_length	pc_identity	ensembl_transcript_id	ensembl_gene_id	ensembl_gene_description	ensembl_family_id	ensembl_family_description	X
Locus_13000_Transcript_11	m.380090	370	ENSSHAP00000000276	189	191	71.2	ENSSHAT00000000281	ENSSHAG00000000241	interferon gamma receptor 1 [Source:HGNC Symbol;Acc:5439]	ENSFM00570000864615	UNKNOWN	NA
Locus_6835_Transcript_54	m.261694	1787	ENSSHAP00000000141	1805	1813	89.58	ENSSHAT00000000144	ENSSHAG00000000118	bromodomain adjacent to zinc finger domain, 2A [Source:HGNC Symbol;Acc:962]	ENSFM00250000001507	BROMODOMAIN ADJACENT TO ZINC FINGER DOMAIN 2A TRANSCRIPTION TERMINATION FACTOR I INTERACTING 5 TTF I INTERACTING 5 TIP5	NA
Locus_7687_Transcript_5	m.282660	4187	ENSSHAP00000000532	2949	2220	85.18	ENSSHAT00000000541	ENSSHAG00000000475	NULL	ENSFM00710001441583	DYNEIN HEAVY CHAIN AXONEMAL AXONEMAL BETA DYNEIN HEAVY CHAIN CILIARY DYNEIN HEAVY CHAIN	NA
Locus_89340_Transcript_10	m.526703	237	ENSSHAP00000000216	173	166	68.07	ENSSHAT00000000219	ENSSHAG00000000182	interleukin 22 receptor, alpha 2 [Source:HGNC Symbol;Acc:14901]	ENSFM00500000272546	INTERLEUKIN 22 RECEPTOR SUBUNIT ALPHA 2 PRECURSOR IL 22 RECEPTOR SUBUNIT ALPHA 2 IL 22R ALPHA 2 IL 22RA2 CYTOKINE RECEPTOR FAMILY TYPE 2 SOLUBLE 1 CRF2 S1 INTERLEUKIN 22 BINDING IL 22BP IL22BP	NA
Locus_21733_Transcript_2	m.451619	516	ENSSHAP00000000606	513	515	80.97	ENSSHAT00000000615	ENSSHAG00000000538	biotinidase [Source:HGNC Symbol;Acc:1122]	ENSFM00250000001708	VASCULAR NON INFLAMMATORY MOLECULE VANIN	NA
Locus_3744_Transcript_7	m.169661	398	ENSSHAP00000000838	251	250	96.4	ENSSHAT00000000848	ENSSHAG00000000749	zinc finger protein 385D [Source:HGNC Symbol;Acc:26191]	ENSFM00250000001367	ZINC FINGER ZINC FINGER	NA
Locus_9870_Transcript_28	m.330157	660	ENSSHAP00000000687	674	638	98.43	ENSSHAT00000000697	ENSSHAG00000000614	signal recognition particle 72kDa [Source:HGNC Symbol;Acc:11303]	ENSFM00250000003679	SIGNAL RECOGNITION PARTICLE 72 KDA SRP72	NA
Locus_13408_Transcript_66	m.385338	992	ENSSHAP00000001406	992	1004	80.38	ENSSHAT00000001422	ENSSHAG00000001252	general transcription factor IIi [Source:HGNC Symbol;Acc:4659]	ENSFM00540000717988	GENERAL TRANSCRIPTION FACTOR II I GTFII I TFII I BRUTON TYROSINE KINASE ASSOCIATED 135 BAP 135 BTK ASSOCIATED 135	NA
Locus_14788_Transcript_1	m.400599	248	ENSSHAP00000001586	239	238	92.86	ENSSHAT00000001603	ENSSHAG00000001412	gem (nuclear organelle) associated protein 8 [Source:HGNC Symbol;Acc:26044]	ENSFM00250000007380	GEM ASSOCIATED 8 GEMIN 8	NA
Locus_18810_Transcript_4	m.434500	871	ENSSHAP00000001869	872	872	94.72	ENSSHAT00000001890	ENSSHAG00000001665	IWS1 homolog (S. cerevisiae) [Source:HGNC Symbol;Acc:25467]	ENSFM00250000003067	IWS1	NA
Locus_2756_Transcript_36	m.138504	685	ENSSHAP00000001575	657	657	94.98	ENSSHAT00000001592	ENSSHAG00000001402	erythrocyte membrane protein band 4.1 like 4A [Source:HGNC Symbol;Acc:13278]	ENSFM00710001441711	BAND 4 1	NA
Locus_4414_Transcript_10	m.191881	1079	ENSSHAP00000001753	813	431	80.74	ENSSHAT00000001771	ENSSHAG00000001563	aryl hydrocarbon receptor [Source:HGNC Symbol;Acc:348]	ENSFM00250000000704	ARYL HYDROCARBON RECEPTOR PRECURSOR AH RECEPTOR AHR	NA
Locus_4414_Transcript_10	m.191881	1079	ENSSHAP00000001753	813	230	73.48	ENSSHAT00000001771	ENSSHAG00000001563	aryl hydrocarbon receptor [Source:HGNC Symbol;Acc:348]	ENSFM00250000000704	ARYL HYDROCARBON RECEPTOR PRECURSOR AH RECEPTOR AHR	NA
Locus_13110_Transcript_10	m.381587	215	ENSSHAP00000002127	379	166	98.8	ENSSHAT00000002151	ENSSHAG00000001892	NULL	ENSFM00500000270192	TRANSMEMBRANE EMP24 DOMAIN CONTAINING PRECURSOR P24 FAMILY GAMMA	NA
Locus_88_Transcript_15802	m.19461	522	ENSSHAP00000002071	508	507	73.37	ENSSHAT00000002094	ENSSHAG00000001842	NULL	ENSFM00250000001362	7 ALPHA 7 ALPHA HYDROXYLASE CYTOCHROME P450	NA
Locus_11750_Transcript_54	m.361589	891	ENSSHAP00000002366	895	890	91.01	ENSSHAT00000002391	ENSSHAG00000002099	FCH domain only 1 [Source:HGNC Symbol;Acc:29002]	ENSFM00600000921280	FCH DOMAIN ONLY	NA
Locus_12928_Transcript_14	m.378981	605	ENSSHAP00000002732	586	570	91.93	ENSSHAT00000002763	ENSSHAG00000002419	NULL	ENSFM00250000005188	UNC 93 HOMOLOG B1	NA
Locus_2043_Transcript_8	m.112421	1084	ENSSHAP00000002527	1090	1090	98.72	ENSSHAT00000002555	ENSSHAG00000002238	ankyrin repeat domain 28 [Source:HGNC Symbol;Acc:29024]	ENSFM00570000851116	SERINE/THREONINE PHOSPHATASE 6 REGULATORY ANKYRIN REPEAT SUBUNIT C PP6 ARS C SERINE/THREONINE PHOSPHATASE 6 REGULATORY SUBUNIT ARS C	NA
Locus_38723_Transcript_1	m.495527	304	ENSSHAP00000002336	303	273	99.63	ENSSHAT00000002360	ENSSHAG00000002069	isochorismatase domain containing 1 [Source:HGNC Symbol;Acc:24254]	ENSFM00670001235660	ISOCHORISMATASE DOMAIN CONTAINING	NA
Locus_6769_Transcript_1	m.259814	413	ENSSHAP00000002823	412	412	91.75	ENSSHAT00000002855	ENSSHAG00000002499	protease, serine, 35 [Source:HGNC Symbol;Acc:21387]	ENSFM00250000004667	SERINE PROTEASE PRECURSOR	NA
Locus_40208_Transcript_1	m.497214	161	ENSSHAP00000003218	160	156	62.18	ENSSHAT00000003254	ENSSHAG00000002839	ISG15 ubiquitin-like modifier [Source:HGNC Symbol;Acc:4053]	ENSFM00500000320505	UNKNOWN	NA
Locus_4211_Transcript_5	m.186105	529	ENSSHAP00000003002	530	530	98.11	ENSSHAT00000003037	ENSSHAG00000002661	ATP synthase, H+ transporting, mitochondrial F1 complex, beta polypeptide [Source:HGNC Symbol;Acc:830]	ENSFM00250000001218	ATP SYNTHASE SUBUNIT BETA MITOCHONDRIAL PRECURSOR EC_3.6.3.14	NA
Locus_63967_Transcript_10	m.515326	162	ENSSHAP00000003175	137	127	71.65	ENSSHAT00000003211	ENSSHAG00000002803	NULL	ENSFM00690001357926	UNKNOWN	NA
Locus_73800_Transcript_5	m.520356	324	ENSSHAP00000003036	184	176	91.48	ENSSHAT00000003072	ENSSHAG00000002693	ADP-ribosylation factor-like 9 [Source:HGNC Symbol;Acc:23592]	ENSFM00500000273845	ADP RIBOSYLATION FACTOR  9	NA
Locus_10567_Transcript_12	m.342522	608	ENSSHAP00000003693	479	473	99.58	ENSSHAT00000003730	ENSSHAG00000003247	matrix metallopeptidase 16 (membrane-inserted) [Source:HGNC Symbol;Acc:7162]	ENSFM00400000131720	MATRIX METALLOPROTEINASE PRECURSOR MMP MEMBRANE TYPE MATRIX METALLOPROTEINASE MT MMP MEMBRANE TYPE MATRIX METALLOPROTEINASE MMP	NA
Locus_1441_Transcript_36	m.87657	185	ENSSHAP00000003558	184	184	99.46	ENSSHAT00000003594	ENSSHAG00000003125	NULL	ENSFM00250000005181	NEURON SPECIFIC FAMILY MEMBER	NA
Locus_14957_Transcript_4	m.402384	518	ENSSHAP00000004009	380	380	95.53	ENSSHAT00000004049	ENSSHAG00000003533	protein phosphatase 5, catalytic subunit [Source:HGNC Symbol;Acc:9322]	ENSFM00500000270236	SERINE/THREONINE PHOSPHATASE 5 PP5 EC_3.1.3.16 PHOSPHATASE T PPT	NA
Locus_20158_Transcript_1	m.442502	450	ENSSHAP00000003925	371	371	86.79	ENSSHAT00000003965	ENSSHAG00000003457	chemokine binding protein 2 [Source:HGNC Symbol;Acc:1565]	ENSFM00250000000182	C C CHEMOKINE RECEPTOR TYPE 5 C C CKR 5 CC CKR 5 CCR 5 CCR5 CD195 ANTIGEN	NA
Locus_39758_Transcript_5	m.496698	398	ENSSHAP00000004015	397	397	75.57	ENSSHAT00000004055	ENSSHAG00000003539	UDP-GlcNAc:betaGal beta-1,3-N-acetylglucosaminyltransferase 3 [Source:HGNC Symbol;Acc:13528]	ENSFM00480000262744	UDP GLCNAC:BETAGAL BETA 1 3 N ACETYLGLUCOSAMINYLTRANSFERASE BGNT BETA 1 3 GN BETA 1 3 N ACETYLGLUCOSAMINYLTRANSFERASE BETA3GN EC_2.4.1.-	NA
Locus_7450_Transcript_1	m.276871	575	ENSSHAP00000003973	205	192	93.23	ENSSHAT00000004013	ENSSHAG00000003500	NULL	ENSFM00500000270805	ACETYLSEROTONIN O METHYLTRANSFERASE EC_2.1.1.4 HYDROXYINDOLE O METHYLTRANSFERASE	NA
Locus_88_Transcript_8098	m.12226	650	ENSSHAP00000004060	1152	608	86.84	ENSSHAT00000004101	ENSSHAG00000003580	Rho GTPase activating protein 20 [Source:HGNC Symbol;Acc:18357]	ENSFM00500000270859	RHO GTPASE ACTIVATING 20 RA AND RHOGAP DOMAIN CONTAINING RARHOGAP RHO TYPE GTPASE ACTIVATING 20	NA
Locus_8970_Transcript_5	m.312730	312	ENSSHAP00000004115	160	159	99.37	ENSSHAT00000004156	ENSSHAG00000003629	prostaglandin E synthase 3 (cytosolic) [Source:HGNC Symbol;Acc:16049]	ENSFM00250000003376	PROSTAGLANDIN E SYNTHASE 3 EC_5.3.99.3 CYTOSOLIC PROSTAGLANDIN E2 SYNTHASE CPGES HSP90 CO CHAPERONE PROGESTERONE RECEPTOR COMPLEX P23 TELOMERASE BINDING P23	NA
Locus_33350_Transcript_7	m.487360	877	ENSSHAP00000004214	643	643	94.4	ENSSHAT00000004256	ENSSHAG00000003714	synaptosomal-associated protein, 91kDa [Source:HGNC Symbol;Acc:14986]	ENSFM00250000000859	CLATHRIN ASSEMBLY	NA
Locus_3836_Transcript_55	m.172911	788	ENSSHAP00000004407	787	787	99.49	ENSSHAT00000004453	ENSSHAG00000003879	signal transducer and activator of transcription 5B [Source:HGNC Symbol;Acc:11367]	ENSFM00500000269817	SIGNAL TRANSDUCER AND ACTIVATOR OF TRANSCRIPTION	NA
Locus_88705_Transcript_1	m.526181	1422	ENSSHAP00000004357	1422	1422	90.3	ENSSHAT00000004401	ENSSHAG00000003836	myomesin 3 [Source:HGNC Symbol;Acc:26679]	ENSFM00260000050477	MYOMESIN MYOMESIN FAMILY MEMBER	NA
Locus_124683_Transcript_19	m.539463	461	ENSSHAP00000004840	460	459	86.27	ENSSHAT00000004888	ENSSHAG00000004248	protein C (inactivator of coagulation factors Va and VIIIa) [Source:HGNC Symbol;Acc:9451]	ENSFM00250000000442	COAGULATION FACTOR PRECURSOR [CONTAINS FACTOR LIGHT CHAIN; FACTOR HEAVY CHAIN]	NA
Locus_19246_Transcript_12	m.436776	638	ENSSHAP00000004701	687	633	92.42	ENSSHAT00000004749	ENSSHAG00000004128	hypoxia inducible factor 3, alpha subunit [Source:HGNC Symbol;Acc:15825]	ENSFM00710001441752	HYPOXIA INDUCIBLE FACTOR ALPHA HIF ALPHA ALPHA	NA
Locus_27132_Transcript_7	m.472772	461	ENSSHAP00000004839	419	419	94.27	ENSSHAT00000004887	ENSSHAG00000004247	solute carrier family 25, member 46 [Source:HGNC Symbol;Acc:25198]	ENSFM00250000005083	SOLUTE CARRIER FAMILY 25 MEMBER 46	NA
Locus_410_Transcript_10	m.37294	303	ENSSHAP00000005022	253	253	94.47	ENSSHAT00000005071	ENSSHAG00000004396	dehydrogenase/reductase (SDR family) member 3 [Source:HGNC Symbol;Acc:17693]	ENSFM00500000271255	SHORT CHAIN DEHYDROGENASE/REDUCTASE 3 EC_1.1.1.300 RETINAL SHORT CHAIN DEHYDROGENASE/REDUCTASE 1 RETSDR1	NA
Locus_13914_Transcript_19	m.391364	544	ENSSHAP00000005213	527	514	77.82	ENSSHAT00000005265	ENSSHAG00000004562	GH3 domain containing [Source:HGNC Symbol;Acc:24438]	ENSFM00250000008610	GH3 DOMAIN CONTAINING PRECURSOR	NA
Locus_13914_Transcript_6	m.391349	163	ENSSHAP00000005391	130	97	94.85	ENSSHAT00000005445	ENSSHAG00000004710	hypocretin (orexin) neuropeptide precursor [Source:HGNC Symbol;Acc:4847]	ENSFM00670001267658	UNKNOWN	NA
Locus_1715_Transcript_2	m.99379	1050	ENSSHAP00000005470	1030	1053	92.69	ENSSHAT00000005524	ENSSHAG00000004779	potassium voltage-gated channel, subfamily H (eag-related), member 4 [Source:HGNC Symbol;Acc:6253]	ENSFM00710001441746	POTASSIUM VOLTAGE GATED CHANNEL SUBFAMILY H MEMBER ETHER A GO GO RELATED GENE POTASSIUM CHANNEL ERG EAG RELATED ETHER A GO GO RELATED VOLTAGE GATED POTASSIUM CHANNEL SUBUNIT KV11	NA
Locus_4281_Transcript_2	m.187728	357	ENSSHAP00000005447	356	356	99.72	ENSSHAT00000005501	ENSSHAG00000004758	NULL	ENSFM00290000065564	HEPARAN SULFATE 2 O SULFOTRANSFERASE 1 2 O SULFOTRANSFERASE 2OST EC_2.8.2.-	NA
Locus_1009_Transcript_12	m.68797	1302	ENSSHAP00000005802	1309	1305	91.8	ENSSHAT00000005856	ENSSHAG00000005062	BMS1 homolog, ribosome assembly protein (yeast) [Source:HGNC Symbol;Acc:23505]	ENSFM00250000002877	BMS1	NA
Locus_6400_Transcript_3	m.250585	2544	ENSSHAP00000005643	2538	2546	96.23	ENSSHAT00000005697	ENSSHAG00000004931	notch 1 [Source:HGNC Symbol;Acc:7881]	ENSFM00500000269589	NEUROGENIC LOCUS NOTCH HOMOLOG PRECURSOR NOTCH [CONTAINS NOTCH EXTRACELLULAR TRUNCATION; NOTCH INTRACELLULAR	NA
Locus_8303_Transcript_12	m.296395	1145	ENSSHAP00000005697	1110	1110	92.79	ENSSHAT00000005751	ENSSHAG00000004978	Janus kinase 3 [Source:HGNC Symbol;Acc:6193]	ENSFM00250000000777	TYROSINE KINASE EC_2.7.10.2 JANUS KINASE JAK	NA
Locus_8477_Transcript_3	m.300438	351	ENSSHAP00000005701	329	320	95.62	ENSSHAT00000005755	ENSSHAG00000004981	succinate-CoA ligase, alpha subunit [Source:HGNC Symbol;Acc:11449]	ENSFM00250000003768	SUCCINYL COA LIGASE [ADP/GDP FORMING] SUBUNIT ALPHA MITOCHONDRIAL PRECURSOR EC_6.2.1.4 EC_6.2.1.- 5 SUCCINYL COA SYNTHETASE SUBUNIT ALPHA SCS ALPHA	NA
Locus_134943_Transcript_1	m.542588	410	ENSSHAP00000005870	283	316	73.73	ENSSHAT00000005924	ENSSHAG00000005122	T-box 10 [Source:HGNC Symbol;Acc:11593]	ENSFM00420000140554	T BOX TRANSCRIPTION FACTOR T BOX	NA
Locus_1696_Transcript_100	m.98660	289	ENSSHAP00000006052	216	216	99.54	ENSSHAT00000006106	ENSSHAG00000005267	RAB5C, member RAS oncogene family [Source:HGNC Symbol;Acc:9785]	ENSFM00500000269759	RAS RELATED RAB	NA
Locus_21262_Transcript_19	m.449032	694	ENSSHAP00000006089	536	536	93.47	ENSSHAT00000006143	ENSSHAG00000005298	acyl-CoA synthetase short-chain family member 3 [Source:HGNC Symbol;Acc:24723]	ENSFM00250000000648	ACETYL COENZYME A SYNTHETASE EC_6.2.1.1 ACETATE COA LIGASE ACYL ACTIVATING ENZYME	NA
Locus_465_Transcript_11	m.39646	343	ENSSHAP00000006124	207	207	87.92	ENSSHAT00000006178	ENSSHAG00000005329	nudix (nucleoside diphosphate linked moiety X)-type motif 8 [Source:HGNC Symbol;Acc:8055]	ENSFM00250000006259	NUCLEOSIDE DIPHOSPHATE LINKED MOIETY X MOTIF 8 MITOCHONDRIAL PRECURSOR NUDIX MOTIF 8 EC_3.6.1.-	NA
Locus_21177_Transcript_15	m.448519	673	ENSSHAP00000006439	631	629	96.82	ENSSHAT00000006495	ENSSHAG00000005605	acetoacetyl-CoA synthetase [Source:HGNC Symbol;Acc:21298]	ENSFM00250000002577	ACETOACETYL COA SYNTHETASE EC_6.2.1.16	NA
Locus_26507_Transcript_1	m.470066	535	ENSSHAP00000006518	533	533	98.31	ENSSHAT00000006574	ENSSHAG00000005672	bone morphogenetic protein receptor, type IA [Source:HGNC Symbol;Acc:1076]	ENSFM00250000000213	RECEPTOR TYPE PRECURSOR EC_2.7.11.30 ACTIVIN RECEPTOR  KINASE ALK	NA
Locus_2805_Transcript_84	m.139792	806	ENSSHAP00000006579	786	790	91.39	ENSSHAT00000006636	ENSSHAG00000005725	suppressor of Ty 20 homolog (S. cerevisiae) [Source:HGNC Symbol;Acc:20596]	ENSFM00250000003027	TRANSCRIPTION FACTOR SPT20 HOMOLOG	NA
Locus_526_Transcript_35	m.42465	1254	ENSSHAP00000006642	1265	1265	98.97	ENSSHAT00000006700	ENSSHAG00000005782	cytoplasmic FMR1 interacting protein 1 [Source:HGNC Symbol;Acc:13759]	ENSFM00250000001390	CYTOPLASMIC FMR1 INTERACTING	NA
Locus_5308_Transcript_11	m.219078	228	ENSSHAP00000006503	373	224	69.64	ENSSHAT00000006559	ENSSHAG00000005659	NULL	ENSFM00570000851743	ZINC FINGER 22 ZINC FINGER ZINC FINGER KROX 26	NA
Locus_5308_Transcript_35	m.219109	232	ENSSHAP00000006319	230	231	84.85	ENSSHAT00000006373	ENSSHAG00000005502	NULL	ENSFM00570000851743	ZINC FINGER 22 ZINC FINGER ZINC FINGER KROX 26	NA
Locus_6054_Transcript_16	m.240239	4361	ENSSHAP00000006309	4362	4363	96.58	ENSSHAT00000006363	ENSSHAG00000005496	vacuolar protein sorting 13 homolog D (S. cerevisiae) [Source:HGNC Symbol;Acc:23595]	ENSFM00250000001900	VACUOLAR SORTING ASSOCIATED 13D	NA
Locus_62280_Transcript_10	m.514314	561	ENSSHAP00000006560	562	556	78.78	ENSSHAT00000006617	ENSSHAG00000005708	interleukin 22 receptor, alpha 1 [Source:HGNC Symbol;Acc:13700]	ENSFM00250000009425	INTERLEUKIN 22 RECEPTOR SUBUNIT ALPHA 1 PRECURSOR IL 22 RECEPTOR SUBUNIT ALPHA 1 IL 22R ALPHA 1 IL 22RA1	NA
Locus_47095_Transcript_4	m.504076	881	ENSSHAP00000006989	879	880	95.91	ENSSHAT00000007051	ENSSHAG00000006074	multiple C2 domains, transmembrane 2 [Source:HGNC Symbol;Acc:25636]	ENSFM00250000001118	MULTIPLE C2 AND TRANSMEMBRANE DOMAIN CONTAINING	NA
Locus_13312_Transcript_11	m.383613	305	ENSSHAP00000007139	304	304	79.93	ENSSHAT00000007201	ENSSHAG00000006202	solute carrier family 25, member 38 [Source:HGNC Symbol;Acc:26054]	ENSFM00500000271856	SOLUTE CARRIER FAMILY 25 MEMBER 38	NA
Locus_14992_Transcript_17	m.402903	2418	ENSSHAP00000007235	2400	2425	90.06	ENSSHAT00000007297	ENSSHAG00000006287	SEC16 homolog A (S. cerevisiae) [Source:HGNC Symbol;Acc:29006]	ENSFM00250000001789	TRANSPORT SEC16B LEUCINE ZIPPER TRANSCRIPTION REGULATOR 2 REGUCALCIN GENE PROMOTER REGION RELATED P117 RGPR P117 SEC16 HOMOLOG B	NA
Locus_28536_Transcript_2	m.477276	485	ENSSHAP00000007217	525	482	65.35	ENSSHAT00000007279	ENSSHAG00000006271	interferon, lambda receptor 1 [Source:HGNC Symbol;Acc:18584]	ENSFM00250000008294	INTERFERON LAMBDA RECEPTOR 1 PRECURSOR IFN LAMBDA R1 CYTOKINE RECEPTOR CLASS II MEMBER 12 CYTOKINE RECEPTOR FAMILY 2 MEMBER 12 CRF2 12 INTERLEUKIN 28 RECEPTOR SUBUNIT ALPHA IL 28 RECEPTOR SUBUNIT ALPHA IL 28R ALPHA IL 28RA	NA
Locus_5617_Transcript_26	m.226918	1636	ENSSHAP00000007309	1643	1635	98.1	ENSSHAT00000007371	ENSSHAG00000006356	phosphatidylinositol-4-phosphate 3-kinase, catalytic subunit type 2 beta [Source:HGNC Symbol;Acc:8972]	ENSFM00710001441766	PHOSPHATIDYLINOSITOL 4 5 BISPHOSPHATE 3 KINASE CATALYTIC SUBUNIT PI3 KINASE SUBUNIT PI3K PTDINS 3 KINASE SUBUNIT EC_2.7.1.153 PHOSPHATIDYLINOSITOL 4 5 BISPHOSPHATE 3 KINASE 110 KDA CATALYTIC SUBUNIT PTDINS 3 KINASE SUBUNIT P110	NA
Locus_33064_Transcript_15	m.486603	395	ENSSHAP00000007460	365	367	90.46	ENSSHAT00000007522	ENSSHAG00000006483	adenosine deaminase, RNA-specific, B1 [Source:HGNC Symbol;Acc:226]	ENSFM00250000000663	DOUBLE STRANDED RNA SPECIFIC EDITASE EC_3.5.-.- RNA EDITING DEAMINASE RNA EDITING ENZYME DSRNA ADENOSINE DEAMINASE	NA
Locus_41041_Transcript_2	m.498145	254	ENSSHAP00000007658	224	224	86.16	ENSSHAT00000007721	ENSSHAG00000006651	NULL	ENSFM00540000720133	FIBRONECTIN TYPE III AND TRANSMEMBRANE CONTAINING 1UNCHARACTERIZED FRAGMENT	NA
Locus_42003_Transcript_4	m.499103	384	ENSSHAP00000007541	585	308	74.35	ENSSHAT00000007603	ENSSHAG00000006552	NULL	ENSFM00250000000002	ZINC FINGER	NA
Locus_42003_Transcript_4	m.499103	384	ENSSHAP00000007541	585	97	51.55	ENSSHAT00000007603	ENSSHAG00000006552	NULL	ENSFM00250000000002	ZINC FINGER	NA
Locus_42003_Transcript_4	m.499103	384	ENSSHAP00000007541	585	91	49.45	ENSSHAT00000007603	ENSSHAG00000006552	NULL	ENSFM00250000000002	ZINC FINGER	NA
Locus_42003_Transcript_4	m.499103	384	ENSSHAP00000007541	585	86	46.51	ENSSHAT00000007603	ENSSHAG00000006552	NULL	ENSFM00250000000002	ZINC FINGER	NA
Locus_42003_Transcript_4	m.499103	384	ENSSHAP00000007541	585	97	44.33	ENSSHAT00000007603	ENSSHAG00000006552	NULL	ENSFM00250000000002	ZINC FINGER	NA
Locus_42003_Transcript_4	m.499103	384	ENSSHAP00000007541	585	68	52.94	ENSSHAT00000007603	ENSSHAG00000006552	NULL	ENSFM00250000000002	ZINC FINGER	NA
Locus_8287_Transcript_92	m.295871	337	ENSSHAP00000007556	260	260	73.85	ENSSHAT00000007619	ENSSHAG00000006567	NULL	ENSFM00500000276734	UNCHARACTERIZED	NA
Locus_898_Transcript_15	m.62679	355	ENSSHAP00000007802	354	354	99.44	ENSSHAT00000007865	ENSSHAG00000006773	guanine nucleotide binding protein (G protein), alpha activating activity polypeptide O [Source:HGNC Symbol;Acc:4389]	ENSFM00410000138458	GUANINE NUCLEOTIDE BINDING SUBUNIT	NA
Locus_90990_Transcript_24	m.528127	257	ENSSHAP00000007718	318	318	52.83	ENSSHAT00000007781	ENSSHAG00000006704	NULL	ENSFM00670001252505	UNKNOWN	NA
Locus_1167_Transcript_21	m.76251	296	ENSSHAP00000007949	295	295	100	ENSSHAT00000008013	ENSSHAG00000006896	NULL	ENSFM00250000001034	40S RIBOSOMAL	NA
Locus_12929_Transcript_5	m.379003	731	ENSSHAP00000008172	565	565	91.33	ENSSHAT00000008239	ENSSHAG00000007082	protein-O-mannosyltransferase 2 [Source:HGNC Symbol;Acc:19743]	ENSFM00250000002686	DOLICHYL PHOSPHATE MANNOSE MANNOSYLTRANSFERASE	NA
Locus_19169_Transcript_7	m.436455	218	ENSSHAP00000007862	217	217	89.4	ENSSHAT00000007925	ENSSHAG00000006823	glutathione S-transferase zeta 1 [Source:HGNC Symbol;Acc:4643]	ENSFM00250000003545	MALEYLACETOACETATE ISOMERASE MAAI EC_5.2.1.2 GSTZ1 1 GLUTATHIONE S TRANSFERASE ZETA 1 EC_2.5.1.- 18	NA
Locus_2228_Transcript_33	m.119203	401	ENSSHAP00000008250	477	326	81.29	ENSSHAT00000008317	ENSSHAG00000007146	zinc finger protein 662 [Source:HGNC Symbol;Acc:31930]	ENSFM00250000000002	ZINC FINGER	NA
Locus_2228_Transcript_33	m.119203	401	ENSSHAP00000008250	477	144	45.83	ENSSHAT00000008317	ENSSHAG00000007146	zinc finger protein 662 [Source:HGNC Symbol;Acc:31930]	ENSFM00250000000002	ZINC FINGER	NA
Locus_2228_Transcript_33	m.119203	401	ENSSHAP00000008250	477	157	43.95	ENSSHAT00000008317	ENSSHAG00000007146	zinc finger protein 662 [Source:HGNC Symbol;Acc:31930]	ENSFM00250000000002	ZINC FINGER	NA
Locus_2228_Transcript_33	m.119203	401	ENSSHAP00000008250	477	123	43.9	ENSSHAT00000008317	ENSSHAG00000007146	zinc finger protein 662 [Source:HGNC Symbol;Acc:31930]	ENSFM00250000000002	ZINC FINGER	NA
Locus_24999_Transcript_13	m.465100	821	ENSSHAP00000008236	781	781	99.62	ENSSHAT00000008303	ENSSHAG00000007136	janus kinase and microtubule interacting protein 2 [Source:HGNC Symbol;Acc:29067]	ENSFM00250000001480	JANUS KINASE AND MICROTUBULE INTERACTING 1 MULTIPLE ALPHA HELICES AND RNA LINKER 1 MARLIN 1	NA
Locus_471_Transcript_2	m.40010	462	ENSSHAP00000008548	631	452	84.29	ENSSHAT00000008618	ENSSHAG00000007405	carboxyl ester lipase [Source:HGNC Symbol;Acc:1848]	ENSFM00380000124679	PRECURSOR	NA
Locus_526_Transcript_25	m.42457	360	ENSSHAP00000008231	372	347	97.12	ENSSHAT00000008298	ENSSHAG00000007132	non imprinted in Prader-Willi/Angelman syndrome 2 [Source:HGNC Symbol;Acc:17044]	ENSFM00250000001460	MAGNESIUM TRANSPORTER NON IMPRINTED IN PRADER WILLI/ANGELMAN SYNDROME REGION	NA
Locus_88606_Transcript_45	m.526100	741	ENSSHAP00000008434	652	658	86.93	ENSSHAT00000008503	ENSSHAG00000007310	LIM domain binding 3 [Source:HGNC Symbol;Acc:15710]	ENSFM00700001390177	PDZ AND LIM DOMAIN 5 ENIGMA HOMOLOG ENIGMA  PDZ AND LIM DOMAINS	NA
Locus_14517_Transcript_13	m.397884	492	ENSSHAP00000008966	488	491	93.28	ENSSHAT00000009040	ENSSHAG00000007767	Mdm4 p53 binding protein homolog (mouse) [Source:HGNC Symbol;Acc:6974]	ENSFM00500000270633	MDM4 DOUBLE MINUTE 4 MDM2  P53 BINDING MDMX P53 BINDING MDM4	NA
Locus_18559_Transcript_7	m.432692	322	ENSSHAP00000008814	322	321	99.07	ENSSHAT00000008887	ENSSHAG00000007633	non imprinted in Prader-Willi/Angelman syndrome 1 [Source:HGNC Symbol;Acc:17043]	ENSFM00250000001460	MAGNESIUM TRANSPORTER NON IMPRINTED IN PRADER WILLI/ANGELMAN SYNDROME REGION	NA
Locus_23435_Transcript_1	m.459395	305	ENSSHAP00000008687	225	225	86.67	ENSSHAT00000008759	ENSSHAG00000007525	BRI3 binding protein [Source:HGNC Symbol;Acc:14251]	ENSFM00250000006424	BRI3 BINDING I3 BINDING	NA
Locus_3682_Transcript_77	m.167300	758	ENSSHAP00000008736	884	564	97.52	ENSSHAT00000008808	ENSSHAG00000007565	ral guanine nucleotide dissociation stimulator [Source:HGNC Symbol;Acc:9842]	ENSFM00690001356594	RAL GUANINE NUCLEOTIDE DISSOCIATION STIMULATOR  RALGDS	NA
Locus_3682_Transcript_77	m.167300	758	ENSSHAP00000008736	884	209	92.82	ENSSHAT00000008808	ENSSHAG00000007565	ral guanine nucleotide dissociation stimulator [Source:HGNC Symbol;Acc:9842]	ENSFM00690001356594	RAL GUANINE NUCLEOTIDE DISSOCIATION STIMULATOR  RALGDS	NA
Locus_3825_Transcript_24	m.172753	197	ENSSHAP00000008856	188	188	98.4	ENSSHAT00000008929	ENSSHAG00000007668	trafficking protein particle complex 5 [Source:HGNC Symbol;Acc:23067]	ENSFM00500000273083	TRAFFICKING PARTICLE COMPLEX SUBUNIT 5	NA
Locus_3825_Transcript_30	m.172764	350	ENSSHAP00000008714	329	343	76.38	ENSSHAT00000008786	ENSSHAG00000007549	Fc fragment of IgE, low affinity II, receptor for (CD23) [Source:HGNC Symbol;Acc:3612]	ENSFM00500000273779	LOW AFFINITY IMMUNOGLOBULIN EPSILON FC RECEPTOR FC EPSILON RII LYMPHOCYTE IGE RECEPTOR CD23 ANTIGEN	NA
Locus_52242_Transcript_1	m.507491	357	ENSSHAP00000008981	359	359	97.21	ENSSHAT00000009055	ENSSHAG00000007777	angiotensin II receptor, type 1 [Source:HGNC Symbol;Acc:336]	ENSFM00600000921299	TYPE 1 ANGIOTENSIN II RECEPTOR ANGIOTENSIN II TYPE 1 RECEPTOR AT1	NA
Locus_54032_Transcript_2	m.508702	157	ENSSHAP00000008821	156	156	96.15	ENSSHAT00000008894	ENSSHAG00000007639	neuroglobin [Source:HGNC Symbol;Acc:14077]	ENSFM00500000272388	NEUROGLOBIN	NA
Locus_611_Transcript_3	m.47587	1150	ENSSHAP00000008662	1151	1151	98.96	ENSSHAT00000008734	ENSSHAG00000007504	cell division cycle and apoptosis regulator 1 [Source:HGNC Symbol;Acc:24236]	ENSFM00560000771124	CELL DIVISION CYCLE AND APOPTOSIS REGULATOR 1 CELL CYCLE AND APOPTOSIS REGULATORY 1 CARP 1	NA
Locus_147_Transcript_3	m.24171	336	ENSSHAP00000009189	335	335	91.64	ENSSHAT00000009267	ENSSHAG00000007955	cathepsin O [Source:HGNC Symbol;Acc:2542]	ENSFM00500000273277	CATHEPSIN O PRECURSOR EC_3.4.22.42	NA
Locus_37036_Transcript_10	m.493628	821	ENSSHAP00000009343	823	820	77.93	ENSSHAT00000009424	ENSSHAG00000008082	transmembrane protein 63C [Source:HGNC Symbol;Acc:23787]	ENSFM00250000001207	TRANSMEMBRANE	NA
Locus_96689_Transcript_5	m.530589	241	ENSSHAP00000009161	238	218	71.56	ENSSHAT00000009239	ENSSHAG00000007931	tetraspanin 8 [Source:HGNC Symbol;Acc:11855]	ENSFM00500000272455	TETRASPANIN 8 TSPAN 8	NA
Locus_16196_Transcript_3	m.414695	864	ENSSHAP00000009535	715	691	97.25	ENSSHAT00000009618	ENSSHAG00000008249	stromal interaction molecule 2 [Source:HGNC Symbol;Acc:19205]	ENSFM00250000001930	STROMAL INTERACTION MOLECULE PRECURSOR	NA
Locus_19307_Transcript_1	m.437229	1563	ENSSHAP00000009638	748	776	87.63	ENSSHAT00000009722	ENSSHAG00000008339	tet methylcytosine dioxygenase 1 [Source:HGNC Symbol;Acc:29484]	ENSFM00250000000921	METHYLCYTOSINE DIOXYGENASE EC_1.14.11.- N2	NA
Locus_25797_Transcript_3	m.468213	346	ENSSHAP00000009774	345	345	97.68	ENSSHAT00000009860	ENSSHAG00000008459	globoside alpha-1,3-N-acetylgalactosaminyltransferase 1 [Source:HGNC Symbol;Acc:20460]	ENSFM00250000000429	N ACETYLLACTOSAMINIDE ALPHA 1 3 GALACTOSYLTRANSFERASE EC_2.4.1.87 UDP GALACTOSE:BETA D GALACTOSYL 1 4 N ACETYL D GLUCOSAMINIDE ALPHA 1 3 GALACTOSYLTRANSFERASE GALACTOSYLTRANSFERASE	NA
Locus_108592_Transcript_6	m.533324	556	ENSSHAP00000010217	395	395	86.33	ENSSHAT00000010307	ENSSHAG00000008823	CUGBP, Elav-like family member 5 [Source:HGNC Symbol;Acc:14058]	ENSFM00710001441772	CUGBP ELAV  FAMILY MEMBER CELF BRUNO  CUG TRIPLET REPEAT RNA BINDING CUG CUG BP AND ETR 3  FACTOR RNA BINDING BRUNOL	NA
Locus_108592_Transcript_6	m.533324	556	ENSSHAP00000010217	395	90	38.89	ENSSHAT00000010307	ENSSHAG00000008823	CUGBP, Elav-like family member 5 [Source:HGNC Symbol;Acc:14058]	ENSFM00710001441772	CUGBP ELAV  FAMILY MEMBER CELF BRUNO  CUG TRIPLET REPEAT RNA BINDING CUG CUG BP AND ETR 3  FACTOR RNA BINDING BRUNOL	NA
Locus_129145_Transcript_1	m.540775	321	ENSSHAP00000010063	528	280	46.07	ENSSHAT00000010152	ENSSHAG00000008703	NULL	ENSFM00500000271272	CUB AND ZONA PELLUCIDA  DOMAIN CONTAINING 1 PRECURSOR CUB AND ZP DOMAIN CONTAINING 1	NA
Locus_11427_Transcript_1	m.356766	223	ENSSHAP00000010864	200	196	90.82	ENSSHAT00000010958	ENSSHAG00000009365	GrpE-like 2, mitochondrial (E. coli) [Source:HGNC Symbol;Acc:21060]	ENSFM00500000272986	GRPE HOMOLOG 2 MITOCHONDRIAL PRECURSOR MT GRPE#2	NA
Locus_15218_Transcript_6	m.405257	543	ENSSHAP00000010639	491	490	99.18	ENSSHAT00000010733	ENSSHAG00000009181	prenylcysteine oxidase 1 like [Source:HGNC Symbol;Acc:28477]	ENSFM00250000003214	PRENYLCYSTEINE OXIDASE PRECURSOR	NA
Locus_18366_Transcript_1	m.430837	209	ENSSHAP00000010567	197	191	91.1	ENSSHAT00000010660	ENSSHAG00000009123	interleukin 17B [Source:HGNC Symbol;Acc:5982]	ENSFM00500000274373	INTERLEUKIN 17B PRECURSOR IL 17B NEURONAL INTERLEUKIN 17 RELATED FACTOR	NA
Locus_21672_Transcript_4	m.451339	651	ENSSHAP00000010552	614	573	98.25	ENSSHAT00000010645	ENSSHAG00000009109	autocrine motility factor receptor, E3 ubiquitin protein ligase [Source:HGNC Symbol;Acc:463]	ENSFM00250000003925	E3 UBIQUITIN LIGASE AMFR EC_6.3.2.- AUTOCRINE MOTILITY FACTOR RECEPTOR AMF RECEPTOR	NA
Locus_4995_Transcript_14	m.209784	642	ENSSHAP00000010703	345	327	61.16	ENSSHAT00000010797	ENSSHAG00000009232	leucine-rich repeats and IQ motif containing 3 [Source:HGNC Symbol;Acc:28318]	ENSFM00670001258590	UNKNOWN	NA
Locus_126_Transcript_32	m.23236	1199	ENSSHAP00000010939	974	814	71.01	ENSSHAT00000011033	ENSSHAG00000009426	microtubule-associated protein 1S [Source:HGNC Symbol;Acc:15715]	ENSFM00250000000942	MICROTUBULE ASSOCIATED MAP [CONTAINS HEAVY CHAIN; LIGHT	NA
Locus_126_Transcript_32	m.23236	1199	ENSSHAP00000010939	974	114	95.61	ENSSHAT00000011033	ENSSHAG00000009426	microtubule-associated protein 1S [Source:HGNC Symbol;Acc:15715]	ENSFM00250000000942	MICROTUBULE ASSOCIATED MAP [CONTAINS HEAVY CHAIN; LIGHT	NA
Locus_15706_Transcript_2	m.410452	733	ENSSHAP00000011044	667	496	85.48	ENSSHAT00000011138	ENSSHAG00000009514	paralemmin 3 [Source:HGNC Symbol;Acc:33274]	ENSFM00250000010790	PARALEMMIN 3 PRECURSOR	NA
Locus_21190_Transcript_11	m.448746	425	ENSSHAP00000010949	424	424	98.82	ENSSHAT00000011043	ENSSHAG00000009436	synaptotagmin I [Source:HGNC Symbol;Acc:11509]	ENSFM00720001492031	SYNAPTOTAGMIN SYNAPTOTAGMIN	NA
Locus_22286_Transcript_11	m.454083	2504	ENSSHAP00000011169	2519	2536	83.95	ENSSHAT00000011263	ENSSHAG00000009613	myosin XVIIIB [Source:HGNC Symbol;Acc:18150]	ENSFM00400000131775	UNCONVENTIONAL MYOSIN XVIIIA MOLECULE ASSOCIATED WITH JAK3 N TERMINUS MAJN MYOSIN CONTAINING A PDZ DOMAIN	NA
Locus_7518_Transcript_7	m.278047	1214	ENSSHAP00000010958	496	495	81.01	ENSSHAT00000011052	ENSSHAG00000009443	autism susceptibility candidate 2 [Source:HGNC Symbol;Acc:14262]	ENSFM00250000001643	GENE	NA
Locus_18623_Transcript_26	m.433128	458	ENSSHAP00000011273	664	459	78.87	ENSSHAT00000011368	ENSSHAG00000009701	interleukin 27 receptor, alpha [Source:HGNC Symbol;Acc:17290]	ENSFM00250000008666	INTERLEUKIN 27 RECEPTOR SUBUNIT ALPHA PRECURSOR IL 27 RECEPTOR SUBUNIT ALPHA IL 27R SUBUNIT ALPHA IL 27R ALPHA IL 27RA TYPE I T CELL CYTOKINE RECEPTOR TCCR	NA
Locus_24855_Transcript_13	m.464535	249	ENSSHAP00000011353	244	248	86.69	ENSSHAT00000011449	ENSSHAG00000009766	cytidine monophosphate (UMP-CMP) kinase 1, cytosolic [Source:HGNC Symbol;Acc:18170]	ENSFM00670001235434	UMP CMP KINASE EC_2.7.4.14 CYTIDINE MONOPHOSPHATE KINASE CYTIDYLATE KINASE DEOXYCYTIDYLATE KINASE URIDINE MONOPHOSPHATE KINASE URIDINE MONOPHOSPHATE/CYTIDINE MONOPHOSPHATE KINASE UMP/CMP KINASE UMP/CMPK	NA
Locus_10324_Transcript_19	m.338602	941	ENSSHAP00000011635	963	903	96.9	ENSSHAT00000011731	ENSSHAG00000009998	regulatory factor X, 1 (influences HLA class II expression) [Source:HGNC Symbol;Acc:9982]	ENSFM00660001157192	REGULATORY FACTOR X	NA
Locus_5292_Transcript_4	m.218414	581	ENSSHAP00000012053	535	524	91.03	ENSSHAT00000012151	ENSSHAG00000010334	podocan-like 1 [Source:HGNC Symbol;Acc:26275]	ENSFM00600000925012	UNCHARACTERIZED	NA
Locus_5292_Transcript_4	m.218414	581	ENSSHAP00000012053	535	426	34.74	ENSSHAT00000012151	ENSSHAG00000010334	podocan-like 1 [Source:HGNC Symbol;Acc:26275]	ENSFM00600000925012	UNCHARACTERIZED	NA
Locus_5292_Transcript_4	m.218414	581	ENSSHAP00000012053	535	137	32.85	ENSSHAT00000012151	ENSSHAG00000010334	podocan-like 1 [Source:HGNC Symbol;Acc:26275]	ENSFM00600000925012	UNCHARACTERIZED	NA
Locus_7557_Transcript_16	m.278985	606	ENSSHAP00000011834	596	597	96.65	ENSSHAT00000011931	ENSSHAG00000010157	DDB1 and CUL4 associated factor 15 [Source:HGNC Symbol;Acc:25095]	ENSFM00250000007890	DDB1 AND CUL4 ASSOCIATED FACTOR 15	NA
Locus_7582_Transcript_15	m.279776	1398	ENSSHAP00000011757	1295	1301	83.63	ENSSHAT00000011853	ENSSHAG00000010095	SCL/TAL1 interrupting locus [Source:HGNC Symbol;Acc:10879]	ENSFM00250000004922	SCL INTERRUPTING LOCUS	NA
Locus_11695_Transcript_45	m.360727	514	ENSSHAP00000012297	440	440	99.77	ENSSHAT00000012396	ENSSHAG00000010535	estrogen-related receptor gamma [Source:HGNC Symbol;Acc:3474]	ENSFM00440000236877	STEROID HORMONE RECEPTOR ESTROGEN RECEPTOR  ESTROGEN RELATED RECEPTOR ERR NUCLEAR RECEPTOR SUBFAMILY 3 GROUP B MEMBER	NA
Locus_34802_Transcript_1	m.489978	806	ENSSHAP00000012207	805	805	78.76	ENSSHAT00000012305	ENSSHAG00000010462	NULL	ENSFM00710001441778	TOLL  RECEPTOR 2 PRECURSOR CD282 ANTIGEN	NA
Locus_6548_Transcript_7	m.254759	870	ENSSHAP00000012113	956	854	90.28	ENSSHAT00000012211	ENSSHAG00000010380	coiled-coil and C2 domain containing 1A [Source:HGNC Symbol;Acc:30237]	ENSFM00680001303577	COILED COIL AND C2 DOMAIN CONTAINING 1	NA
Locus_6786_Transcript_1	m.260414	724	ENSSHAP00000012067	693	691	97.54	ENSSHAT00000012165	ENSSHAG00000010345	guanine monphosphate synthetase [Source:HGNC Symbol;Acc:4378]	ENSFM00250000002186	GMP SYNTHASE [GLUTAMINE HYDROLYZING] EC_6.3.5.2 GMP SYNTHETASE GLUTAMINE AMIDOTRANSFERASE	NA
Locus_16719_Transcript_1	m.418544	345	ENSSHAP00000012474	188	186	93.55	ENSSHAT00000012576	ENSSHAG00000010681	T-cell acute lymphocytic leukemia 1 [Source:HGNC Symbol;Acc:11556]	ENSFM00500000272863	T CELL ACUTE LYMPHOCYTIC LEUKEMIA 1 TAL 1 STEM CELL	NA
Locus_1853_Transcript_21	m.105114	551	ENSSHAP00000012601	400	399	89.72	ENSSHAT00000012705	ENSSHAG00000010783	solute carrier family 33 (acetyl-CoA transporter), member 1 [Source:HGNC Symbol;Acc:95]	ENSFM00250000004644	ACETYL COENZYME A TRANSPORTER 1 AT 1 ACETYL COA TRANSPORTER 1 SOLUTE CARRIER FAMILY 33 MEMBER 1	NA
Locus_20612_Transcript_1	m.444960	471	ENSSHAP00000012635	351	351	96.58	ENSSHAT00000012739	ENSSHAG00000010814	Kruppel-like factor 3 (basic) [Source:HGNC Symbol;Acc:16516]	ENSFM00670001235570	KRUEPPEL  FACTOR BASIC KRUEPPEL  FACTOR	NA
Locus_239_Transcript_2	m.28900	868	ENSSHAP00000012619	155	155	98.71	ENSSHAT00000012723	ENSSHAG00000010799	protein-kinase, interferon-inducible double stranded RNA dependent inhibitor, repressor of (P58 repressor) [Source:HGNC Symbol;Acc:9440]	ENSFM00250000004904	52 KDA REPRESSOR OF THE INHIBITOR OF THE KINASE P52RIPK 58 KDA INTERFERON INDUCED KINASE INTERACTING P58IPK INTERACTING THAP DOMAIN CONTAINING 0	NA
Locus_52395_Transcript_4	m.507644	812	ENSSHAP00000012427	814	803	83.56	ENSSHAT00000012529	ENSSHAG00000010643	toll-like receptor 10 [Source:HGNC Symbol;Acc:15634]	ENSFM00710001441778	TOLL  RECEPTOR 2 PRECURSOR CD282 ANTIGEN	NA
Locus_7755_Transcript_26	m.283892	610	ENSSHAP00000012555	529	529	95.84	ENSSHAT00000012659	ENSSHAG00000010749	DENN/MADD domain containing 6B [Source:HGNC Symbol;Acc:32690]	ENSFM00250000002284	DENN DOMAIN CONTAINING	NA
Locus_8197_Transcript_18	m.294276	375	ENSSHAP00000012464	711	374	96.52	ENSSHAT00000012566	ENSSHAG00000010672	NULL	ENSFM00250000000488	FRUCTOSE BISPHOSPHATE ALDOLASE EC_4.1.2.13 TYPE ALDOLASE	NA
Locus_94_Transcript_175	m.20251	434	ENSSHAP00000012622	468	326	83.44	ENSSHAT00000012726	ENSSHAG00000010802	T-box 6 [Source:HGNC Symbol;Acc:11605]	ENSFM00710001441762	T BOX TRANSCRIPTION FACTOR T BOX	NA
Locus_94_Transcript_43	m.19993	308	ENSSHAP00000012568	307	307	100	ENSSHAT00000012672	ENSSHAG00000010761	protein phosphatase 4, catalytic subunit [Source:HGNC Symbol;Acc:9319]	ENSFM00710001441677	SERINE/THREONINE PHOSPHATASE CATALYTIC SUBUNIT EC_3.1.3.16	NA
Locus_17260_Transcript_11	m.422977	389	ENSSHAP00000012791	361	354	94.35	ENSSHAT00000012896	ENSSHAG00000010946	DnaJ (Hsp40) homolog, subfamily C, member 18 [Source:HGNC Symbol;Acc:28429]	ENSFM00250000001153	DNAJ HOMOLOG SUBFAMILY MEMBER	NA
Locus_18481_Transcript_17	m.431784	323	ENSSHAP00000012695	330	322	84.78	ENSSHAT00000012799	ENSSHAG00000010862	glycerophosphodiester phosphodiesterase domain containing 3 [Source:HGNC Symbol;Acc:28638]	ENSFM00250000003307	GLYCEROPHOSPHODIESTER PHOSPHODIESTERASE DOMAIN CONTAINING EC_3.1.-.-	NA
Locus_27996_Transcript_11	m.475743	242	ENSSHAP00000013042	181	187	80.75	ENSSHAT00000013148	ENSSHAG00000011155	endothelial cell surface expressed chemotaxis and apoptosis regulator [Source:HGNC Symbol;Acc:35454]	ENSFM00640001112051	UNKNOWN	NA
Locus_11020_Transcript_6	m.349770	101	ENSSHAP00000013451	99	80	61.25	ENSSHAT00000013562	ENSSHAG00000011499	chromosome 19 open reading frame 53 [Source:HGNC Symbol;Acc:24991]	ENSFM00640001114525	UNKNOWN	NA
Locus_15529_Transcript_25	m.408704	368	ENSSHAP00000013554	367	367	94.01	ENSSHAT00000013666	ENSSHAG00000011586	coiled-coil domain containing 130 [Source:HGNC Symbol;Acc:28118]	ENSFM00250000005522	COILED COIL DOMAIN CONTAINING 130	NA
Locus_18891_Transcript_43	m.435112	1128	ENSSHAP00000013284	1072	483	87.99	ENSSHAT00000013393	ENSSHAG00000011358	formin-like 1 [Source:HGNC Symbol;Acc:1212]	ENSFM00350000105407	FORMIN	NA
Locus_27036_Transcript_21	m.472389	525	ENSSHAP00000013236	381	381	82.94	ENSSHAT00000013345	ENSSHAG00000011318	transmembrane protein 173 [Source:HGNC Symbol;Acc:27962]	ENSFM00250000009957	STIMULATOR OF INTERFERON GENES TRANSMEMBRANE 173	NA
Locus_4194_Transcript_2	m.185834	359	ENSSHAP00000013491	358	358	93.3	ENSSHAT00000013602	ENSSHAG00000011531	methylthioribose-1-phosphate isomerase homolog (S. cerevisiae) [Source:HGNC Symbol;Acc:28469]	ENSFM00250000005225	METHYLTHIORIBOSE 1 PHOSPHATE ISOMERASE M1PI MTR 1 P ISOMERASE EC_5.3.1.23 S METHYL 5 THIORIBOSE 1 PHOSPHATE ISOMERASE TRANSLATION INITIATION FACTOR EIF 2B SUBUNIT ALPHA/BETA/DELTA	NA
Locus_6593_Transcript_24	m.255757	1105	ENSSHAP00000013189	1062	1080	95.46	ENSSHAT00000013297	ENSSHAG00000011275	zinc finger, SWIM-type containing 4 [Source:HGNC Symbol;Acc:25704]	ENSFM00250000002098	ZINC FINGER SWIM DOMAIN CONTAINING	NA
Locus_78101_Transcript_1	m.522173	120	ENSSHAP00000013206	119	119	85.71	ENSSHAT00000013315	ENSSHAG00000011291	NULL	ENSFM00640001112054	UNKNOWN	NA
Locus_970_Transcript_39	m.66796	970	ENSSHAP00000013169	937	939	88.71	ENSSHAT00000013275	ENSSHAG00000011257	protein phosphatase 6, regulatory subunit 2 [Source:HGNC Symbol;Acc:19253]	ENSFM00250000001098	SERINE/THREONINE PHOSPHATASE 6 REGULATORY SUBUNIT SAPS DOMAIN FAMILY MEMBER	NA
Locus_11628_Transcript_8	m.359808	919	ENSSHAP00000013787	681	681	99.27	ENSSHAT00000013901	ENSSHAG00000011788	SMAD specific E3 ubiquitin protein ligase 2 [Source:HGNC Symbol;Acc:16809]	ENSFM00710001441647	E3 UBIQUITIN LIGASE EC_6.3.2.-	NA
Locus_15574_Transcript_2	m.409211	272	ENSSHAP00000013573	271	271	78.97	ENSSHAT00000013685	ENSSHAG00000011603	centromere protein K [Source:HGNC Symbol;Acc:29479]	ENSFM00250000008654	CENTROMERE K CENP K	NA
Locus_3739_Transcript_27	m.169544	529	ENSSHAP00000013859	528	527	94.5	ENSSHAT00000013976	ENSSHAG00000011851	tyrosyl-tRNA synthetase [Source:HGNC Symbol;Acc:12840]	ENSFM00500000270186	TYROSINE TRNA LIGASE CYTOPLASMIC EC_6.1.1.1 TYROSYL TRNA SYNTHETASE TYRRS	NA
Locus_9318_Transcript_11	m.321152	933	ENSSHAP00000013677	933	933	92.71	ENSSHAT00000013790	ENSSHAG00000011692	NULL	ENSFM00250000005869	MITOGEN ACTIVATED KINASE KINASE KINASE 14 EC_2.7.11.25 NF KAPPA BETA INDUCING KINASE SERINE/THREONINE KINASE NIK	NA
Locus_11205_Transcript_12	m.353429	306	ENSSHAP00000014007	466	236	45.34	ENSSHAT00000014124	ENSSHAG00000011980	NULL	ENSFM00640001106801	UNKNOWN	NA
Locus_13638_Transcript_5	m.387734	480	ENSSHAP00000014080	456	447	82.77	ENSSHAT00000014197	ENSSHAG00000012036	major facilitator superfamily domain containing 7 [Source:HGNC Symbol;Acc:26177]	ENSFM00500000271443	MAJOR FACILITATOR SUPERFAMILY DOMAIN CONTAINING 7	NA
Locus_1662_Transcript_12	m.96899	645	ENSSHAP00000013873	565	565	99.65	ENSSHAT00000013990	ENSSHAG00000011865	peptidylprolyl isomerase domain and WD repeat containing 1 [Source:HGNC Symbol;Acc:28954]	ENSFM00500000270357	PEPTIDYLPROLYL ISOMERASE DOMAIN AND WD REPEAT CONTAINING 1 EC_5.2.1.8	NA
Locus_2394_Transcript_29	m.125877	305	ENSSHAP00000014137	126	122	94.26	ENSSHAT00000014254	ENSSHAG00000012081	NULL	ENSFM00710001441615	ADP RIBOSYLATION FACTOR	NA
Locus_3739_Transcript_25	m.169540	441	ENSSHAP00000014032	428	440	81.59	ENSSHAT00000014149	ENSSHAG00000011998	NULL	ENSFM00250000008059	S100P BINDING	NA
Locus_6652_Transcript_14	m.256938	1053	ENSSHAP00000014056	1063	1036	94.98	ENSSHAT00000014173	ENSSHAG00000012015	ataxin 2-like [Source:HGNC Symbol;Acc:31326]	ENSFM00600000921253	ATAXIN 2 SPINOCEREBELLAR ATAXIA TYPE 2	NA
Locus_6652_Transcript_4	m.256932	1049	ENSSHAP00000014057	930	930	98.82	ENSSHAT00000014174	ENSSHAG00000012015	ataxin 2-like [Source:HGNC Symbol;Acc:31326]	ENSFM00600000921253	ATAXIN 2 SPINOCEREBELLAR ATAXIA TYPE 2	NA
Locus_123604_Transcript_2	m.537934	214	ENSSHAP00000014226	209	193	94.82	ENSSHAT00000014344	ENSSHAG00000012161	fibronectin type III domain containing 5 [Source:HGNC Symbol;Acc:20240]	ENSFM00670001235745	FIBRONECTIN TYPE III DOMAIN CONTAINING PRECURSOR FIBRONECTIN TYPE III REPEAT CONTAINING	NA
Locus_14557_Transcript_32	m.398353	627	ENSSHAP00000014289	588	577	92.37	ENSSHAT00000014408	ENSSHAG00000012210	NULL	ENSFM00250000003742	E3 UBIQUITIN LIGASE PRAJA EC_6.3.2.-	NA
Locus_16905_Transcript_11	m.420077	223	ENSSHAP00000014527	221	219	86.76	ENSSHAT00000014649	ENSSHAG00000012402	transmembrane protein 54 [Source:HGNC Symbol;Acc:24143]	ENSFM00500000272043	TRANSMEMBRANE 54	NA
Locus_16905_Transcript_13	m.420090	216	ENSSHAP00000014520	193	193	100	ENSSHAT00000014642	ENSSHAG00000012396	hippocalcin [Source:HGNC Symbol;Acc:5144]	ENSFM00500000269655	UNKNOWN	NA
Locus_207_Transcript_16	m.26951	174	ENSSHAP00000014406	172	172	91.86	ENSSHAT00000014526	ENSSHAG00000012303	myosin, light chain 5, regulatory [Source:HGNC Symbol;Acc:7586]	ENSFM00710001441797	MYOSIN REGULATORY LIGHT CHAIN 2 MUSCLE MYOSIN LIGHT CHAIN	NA
Locus_2394_Transcript_42	m.125885	419	ENSSHAP00000014219	417	417	98.8	ENSSHAT00000014337	ENSSHAG00000012155	trafficking protein particle complex 13 [Source:HGNC Symbol;Acc:25828]	ENSFM00250000003489	HOMOLOG	NA
Locus_24907_Transcript_10	m.464729	305	ENSSHAP00000014516	304	304	99.34	ENSSHAT00000014638	ENSSHAG00000012392	small glutamine-rich tetratricopeptide repeat (TPR)-containing, beta [Source:HGNC Symbol;Acc:23567]	ENSFM00500000270552	SMALL GLUTAMINE RICH TETRATRICOPEPTIDE REPEAT CONTAINING SGT SMALL GLUTAMINE RICH WITH TETRATRICOPEPTIDE REPEATS	NA
Locus_3032_Transcript_39	m.147858	839	ENSSHAP00000014666	672	719	76.63	ENSSHAT00000014790	ENSSHAG00000012518	centrosomal protein 95kDa [Source:HGNC Symbol;Acc:25141]	ENSFM00250000007332	CENTROSOMAL OF 95 KDA COILED COIL DOMAIN CONTAINING 45	NA
Locus_5268_Transcript_60	m.217939	921	ENSSHAP00000014629	920	919	95.54	ENSSHAT00000014751	ENSSHAG00000012487	neutral sphingomyelinase (N-SMase) activation associated factor [Source:HGNC Symbol;Acc:8017]	ENSFM00710001441790	NEUROBEACHIN	NA
Locus_5268_Transcript_62	m.217943	939	ENSSHAP00000014628	923	921	96.63	ENSSHAT00000014750	ENSSHAG00000012487	neutral sphingomyelinase (N-SMase) activation associated factor [Source:HGNC Symbol;Acc:8017]	ENSFM00710001441790	NEUROBEACHIN	NA
Locus_7153_Transcript_10	m.269165	2379	ENSSHAP00000014260	2378	2378	99.71	ENSSHAT00000014379	ENSSHAG00000012187	CCR4-NOT transcription complex, subunit 1 [Source:HGNC Symbol;Acc:7877]	ENSFM00600000921206	CCR4 NOT TRANSCRIPTION COMPLEX SUBUNIT 1 CCR4 ASSOCIATED FACTOR 1	NA
Locus_1080_Transcript_31	m.72120	3720	ENSSHAP00000014818	3702	3692	92.47	ENSSHAT00000014943	ENSSHAG00000012649	vacuolar protein sorting 13 homolog C (S. cerevisiae) [Source:HGNC Symbol;Acc:23594]	ENSFM00250000000977	VACUOLAR SORTING ASSOCIATED 13A CHOREA ACANTHOCYTOSIS CHOREIN	NA
Locus_1080_Transcript_34	m.72132	3763	ENSSHAP00000014817	3740	3737	92.19	ENSSHAT00000014942	ENSSHAG00000012649	vacuolar protein sorting 13 homolog C (S. cerevisiae) [Source:HGNC Symbol;Acc:23594]	ENSFM00250000000977	VACUOLAR SORTING ASSOCIATED 13A CHOREA ACANTHOCYTOSIS CHOREIN	NA
Locus_1290_Transcript_4	m.81334	470	ENSSHAP00000014783	371	372	87.63	ENSSHAT00000014908	ENSSHAG00000012620	SET domain containing 6 [Source:HGNC Symbol;Acc:26116]	ENSFM00250000006692	N LYSINE METHYLTRANSFERASE SETD6 EC_2.1.1.- SET DOMAIN CONTAINING 6	NA
Locus_14167_Transcript_8	m.394167	166	ENSSHAP00000015059	94	94	94.68	ENSSHAT00000015184	ENSSHAG00000012852	NULL	ENSFM00670001268770	UNKNOWN	NA
Locus_1825_Transcript_45	m.103922	404	ENSSHAP00000014863	403	403	98.76	ENSSHAT00000014988	ENSSHAG00000012683	NDRG family member 4 [Source:HGNC Symbol;Acc:14466]	ENSFM00250000000535	N MYC DOWNSTREAM REGULATED GENE	NA
Locus_2262_Transcript_142	m.121448	281	ENSSHAP00000014740	346	105	97.14	ENSSHAT00000014865	ENSSHAG00000012584	syndecan 3 [Source:HGNC Symbol;Acc:10660]	ENSFM00250000006742	SYNDECAN 3	NA
Locus_2929_Transcript_18	m.144453	632	ENSSHAP00000014729	621	621	97.42	ENSSHAT00000014854	ENSSHAG00000012574	ring finger protein 19B [Source:HGNC Symbol;Acc:26886]	ENSFM00250000001898	E3 UBIQUITIN LIGASE RNF19A EC_6.3.2.- DOUBLE RING FINGER DORFIN RING FINGER 19A	NA
Locus_3032_Transcript_63	m.147884	615	ENSSHAP00000014969	685	614	100	ENSSHAT00000015094	ENSSHAG00000012772	DEAD (Asp-Glu-Ala-Asp) box helicase 5 [Source:HGNC Symbol;Acc:2746]	ENSFM00420000140507	ATP DEPENDENT RNA HELICASE EC_3.6.4.13	NA
Locus_3056_Transcript_10	m.148459	299	ENSSHAP00000015028	298	298	97.32	ENSSHAT00000015153	ENSSHAG00000012826	syndecan binding protein (syntenin) [Source:HGNC Symbol;Acc:10662]	ENSFM00250000003553	SYNTENIN SYNDECAN BINDING	NA
Locus_7523_Transcript_3	m.278091	577	ENSSHAP00000014753	576	576	97.57	ENSSHAT00000014878	ENSSHAG00000012597	membrane protein, palmitoylated 7 (MAGUK p55 subfamily member 7) [Source:HGNC Symbol;Acc:26542]	ENSFM00720001492025	MAGUK P55 SUBFAMILY MEMBER	NA
Locus_8407_Transcript_42	m.298620	305	ENSSHAP00000015013	459	298	93.29	ENSSHAT00000015138	ENSSHAG00000012812	polymerase (DNA directed), gamma 2, accessory subunit [Source:HGNC Symbol;Acc:9180]	ENSFM00250000007196	DNA POLYMERASE SUBUNIT GAMMA 2 MITOCHONDRIAL PRECURSOR EC_2.7.7.7 DNA POLYMERASE GAMMA ACCESSORY 55 KDA SUBUNIT P55 MITOCHONDRIAL DNA POLYMERASE ACCESSORY SUBUNIT MTPOLB POLG BETA	NA
Locus_11206_Transcript_10	m.353475	419	ENSSHAP00000015389	404	404	94.8	ENSSHAT00000015516	ENSSHAG00000013117	ARP3 actin-related protein 3 homolog (yeast) [Source:HGNC Symbol;Acc:170]	ENSFM00320000100103	ACTIN RELATED 3 ACTIN  3	NA
Locus_44406_Transcript_8	m.501598	593	ENSSHAP00000015424	596	596	94.46	ENSSHAT00000015551	ENSSHAG00000013148	frizzled family receptor 5 [Source:HGNC Symbol;Acc:4043]	ENSFM00250000000221	FRIZZLED PRECURSOR FZ	NA
Locus_4464_Transcript_7	m.193273	533	ENSSHAP00000015154	455	455	96.26	ENSSHAT00000015280	ENSSHAG00000012927	EGF containing fibulin-like extracellular matrix protein 1 [Source:HGNC Symbol;Acc:3218]	ENSFM00500000269913	EGF CONTAINING FIBULIN  EXTRACELLULAR MATRIX PRECURSOR FIBULIN FIBL	NA
Locus_4904_Transcript_3	m.207419	918	ENSSHAP00000015280	889	855	79.06	ENSSHAT00000015407	ENSSHAG00000013030	Ewing tumor-associated antigen 1 [Source:HGNC Symbol;Acc:24648]	ENSFM00250000007359	EWING'S TUMOR ASSOCIATED ANTIGEN 1	NA
Locus_89397_Transcript_2	m.526759	343	ENSSHAP00000015411	213	213	98.59	ENSSHAT00000015538	ENSSHAG00000013136	T-cell leukemia homeobox 1 [Source:HGNC Symbol;Acc:5056]	ENSFM00250000001042	T CELL LEUKEMIA HOMEOBOX HOMEOBOX HOX	NA
Locus_122078_Transcript_4	m.536941	505	ENSSHAP00000015489	507	503	90.06	ENSSHAT00000015616	ENSSHAG00000013201	cytochrome P450, family 7, subfamily A, polypeptide 1 [Source:HGNC Symbol;Acc:2651]	ENSFM00250000001362	7 ALPHA 7 ALPHA HYDROXYLASE CYTOCHROME P450	NA
Locus_1430_Transcript_1	m.86981	379	ENSSHAP00000015607	50	50	92	ENSSHAT00000015735	ENSSHAG00000013300	PRKC, apoptosis, WT1, regulator [Source:HGNC Symbol;Acc:8614]	ENSFM00640001111371	UNKNOWN	NA
Locus_16320_Transcript_1	m.415960	289	ENSSHAP00000015649	288	288	89.58	ENSSHAT00000015777	ENSSHAG00000013334	lactamase, beta 2 [Source:HGNC Symbol;Acc:18512]	ENSFM00600000921283	BETA LACTAMASE  2 EC 3	NA
Locus_20016_Transcript_10	m.441975	363	ENSSHAP00000015513	285	285	100	ENSSHAT00000015640	ENSSHAG00000013219	cyclin Y-like 1 [Source:HGNC Symbol;Acc:26868]	ENSFM00250000001383	CYCLIN Y	NA
Locus_3690_Transcript_8	m.167728	591	ENSSHAP00000015781	484	484	98.35	ENSSHAT00000015910	ENSSHAG00000013446	G protein-coupled receptor kinase 5 [Source:HGNC Symbol;Acc:4544]	ENSFM00250000000559	G COUPLED RECEPTOR KINASE G COUPLED RECEPTOR KINASE	NA
Locus_12275_Transcript_2	m.368646	623	ENSSHAP00000015917	598	558	94.09	ENSSHAT00000016047	ENSSHAG00000013561	nuclear receptor subfamily 1, group D, member 1 [Source:HGNC Symbol;Acc:7962]	ENSFM00400000131800	NUCLEAR RECEPTOR SUBFAMILY 1 GROUP D MEMBER 1 REV ERBA ALPHA V ERBA RELATED 1 EAR 1	NA
Locus_16644_Transcript_7	m.418298	375	ENSSHAP00000016032	362	334	97.01	ENSSHAT00000016164	ENSSHAG00000013652	NULL	ENSFM00250000001775	TRANSLOCATING CHAIN ASSOCIATED MEMBRANE	NA
Locus_5916_Transcript_18	m.236142	409	ENSSHAP00000015972	408	408	100	ENSSHAT00000016103	ENSSHAG00000013598	thyroid hormone receptor, alpha [Source:HGNC Symbol;Acc:11796]	ENSFM00260000050396	THYROID HORMONE RECEPTOR NUCLEAR RECEPTOR SUBFAMILY 1 GROUP A MEMBER	NA
Locus_3208_Transcript_30	m.152537	989	ENSSHAP00000016127	984	995	81.81	ENSSHAT00000016260	ENSSHAG00000013725	mediator complex subunit 24 [Source:HGNC Symbol;Acc:22963]	ENSFM00250000006063	MEDIATOR OF RNA POLYMERASE II TRANSCRIPTION SUBUNIT 24 MEDIATOR COMPLEX SUBUNIT 24 THYROID HORMONE RECEPTOR ASSOCIATED 4	NA
Locus_38541_Transcript_3	m.495406	190	ENSSHAP00000016406	221	188	79.79	ENSSHAT00000016543	ENSSHAG00000013959	colony stimulating factor 3 (granulocyte) [Source:HGNC Symbol;Acc:2438]	ENSFM00250000006361	GRANULOCYTE COLONY STIMULATING FACTOR G CSF	NA
Locus_4754_Transcript_2	m.203300	794	ENSSHAP00000016282	794	794	99.37	ENSSHAT00000016417	ENSSHAG00000013855	zinc finger protein 148 [Source:HGNC Symbol;Acc:12933]	ENSFM00250000002713	ZINC FINGER 148 TRANSCRIPTION FACTOR ZBP 89 ZINC FINGER DNA BINDING 89	NA
Locus_11578_Transcript_10	m.359303	638	ENSSHAP00000016554	470	461	100	ENSSHAT00000016692	ENSSHAG00000014080	proteasome (prosome, macropain) 26S subunit, non-ATPase, 3 [Source:HGNC Symbol;Acc:9560]	ENSFM00250000003614	26S PROTEASOME NON ATPASE REGULATORY SUBUNIT 3 26S PROTEASOME SUBUNIT 26S PROTEASOME REGULATORY SUBUNIT	NA
Locus_1859_Transcript_68	m.105369	200	ENSSHAP00000016860	162	161	98.76	ENSSHAT00000017002	ENSSHAG00000014339	ORM1-like 3 (S. cerevisiae) [Source:HGNC Symbol;Acc:16038]	ENSFM00500000270327	ORM1	NA
Locus_1885_Transcript_10	m.106477	280	ENSSHAP00000016826	227	227	95.59	ENSSHAT00000016968	ENSSHAG00000014312	biphenyl hydrolase-like (serine hydrolase) [Source:HGNC Symbol;Acc:1094]	ENSFM00250000004835	VALACYCLOVIR HYDROLASE PRECURSOR VACVASE VALACYCLOVIRASE EC_3.1.-.- BIPHENYL HYDROLASE	NA
Locus_21325_Transcript_18	m.449471	446	ENSSHAP00000016678	445	445	99.78	ENSSHAT00000016819	ENSSHAG00000014187	tubulin, beta 2B class IIb [Source:HGNC Symbol;Acc:30829]	ENSFM00250000000193	TUBULIN BETA CHAIN	NA
Locus_33145_Transcript_4	m.486886	563	ENSSHAP00000016706	556	549	88.52	ENSSHAT00000016848	ENSSHAG00000014213	acyl-CoA thioesterase 12 [Source:HGNC Symbol;Acc:24436]	ENSFM00250000003357	ACYL COENZYME A THIOESTERASE 12 ACYL COA THIOESTERASE 12 EC_3.1.2.1 ACYL COA THIOESTER HYDROLASE 12 CYTOPLASMIC ACETYL COA HYDROLASE 1 CACH 1 1	NA
Locus_56500_Transcript_1	m.510575	256	ENSSHAP00000016784	260	255	92.16	ENSSHAT00000016926	ENSSHAG00000014277	leucine rich repeat containing 3C [Source:HGNC Symbol;Acc:40034]	ENSFM00500000274852	LEUCINE RICH REPEAT CONTAINING 3C PRECURSOR	NA
Locus_8023_Transcript_4	m.290417	455	ENSSHAP00000016617	448	448	91.74	ENSSHAT00000016757	ENSSHAG00000014137	gasdermin A [Source:HGNC Symbol;Acc:13311]	ENSFM00500000271625	GASDERMIN GASDERMIN	NA
Locus_8933_Transcript_10	m.311850	720	ENSSHAP00000016992	716	720	81.81	ENSSHAT00000017134	ENSSHAG00000014446	receptor (TNFRSF)-interacting serine-threonine kinase 1 [Source:HGNC Symbol;Acc:10019]	ENSFM00500000271467	RECEPTOR INTERACTING SERINE/THREONINE KINASE 1 EC_2.7.11.1 CELL DEATH RIP RECEPTOR INTERACTING 1 RIP 1 SERINE/THREONINE KINASE RIP	NA
Locus_1590_Transcript_14	m.94286	977	ENSSHAP00000017239	921	918	81.81	ENSSHAT00000017382	ENSSHAG00000014655	HAUS augmin-like complex, subunit 6 [Source:HGNC Symbol;Acc:25948]	ENSFM00250000004958	HAUS AUGMIN  COMPLEX SUBUNIT 6	NA
Locus_17347_Transcript_11	m.423609	247	ENSSHAP00000017189	229	228	94.74	ENSSHAT00000017332	ENSSHAG00000014609	NAD(P)H dehydrogenase, quinone 2 [Source:HGNC Symbol;Acc:7856]	ENSFM00250000003453	NAD P H DEHYDROGENASE [QUINONE] 1 EC_1.6.5.2 AZOREDUCTASE DT DIAPHORASE DTD MENADIONE REDUCTASE NAD P H:QUINONE OXIDOREDUCTASE 1 PHYLLOQUINONE REDUCTASE QUINONE REDUCTASE 1 QR1	NA
Locus_2538_Transcript_10	m.130585	959	ENSSHAP00000017126	727	754	56.9	ENSSHAT00000017268	ENSSHAG00000014555	nucleolar protein 8 [Source:HGNC Symbol;Acc:23387]	ENSFM00250000003568	NUCLEOLAR 8	NA
Locus_1541_Transcript_117	m.91966	1944	ENSSHAP00000017444	1938	1938	96.49	ENSSHAT00000017589	ENSSHAG00000014822	ADAM metallopeptidase with thrombospondin type 1 motif, 9 [Source:HGNC Symbol;Acc:13202]	ENSFM00500000269647	A DISINTEGRIN AND METALLOPROTEINASE WITH THROMBOSPONDIN MOTIFS PRECURSOR ADAM TS ADAM ADAMTS	NA
Locus_15910_Transcript_10	m.412087	446	ENSSHAP00000017408	445	445	92.58	ENSSHAT00000017553	ENSSHAG00000014793	perilipin 2 [Source:HGNC Symbol;Acc:248]	ENSFM00250000001942	PERILIPIN	NA
Locus_2861_Transcript_22	m.142215	805	ENSSHAP00000017745	738	738	95.12	ENSSHAT00000017891	ENSSHAG00000015068	glutaminyl-tRNA synthetase [Source:HGNC Symbol;Acc:9751]	ENSFM00500000270120	GLUTAMINE TRNA LIGASE EC_6.1.1.18 GLUTAMINYL TRNA SYNTHETASE GLNRS	NA
Locus_2945_Transcript_3	m.145037	202	ENSSHAP00000017670	205	200	93	ENSSHAT00000017816	ENSSHAG00000015003	HD domain containing 2 [Source:HGNC Symbol;Acc:21078]	ENSFM00500000271658	HD DOMAIN CONTAINING 2	NA
Locus_6763_Transcript_84	m.259481	1936	ENSSHAP00000017816	1935	1935	97.93	ENSSHAT00000017962	ENSSHAG00000015126	NULL	ENSFM00250000000024	MYOSIN MYOSIN HEAVY CHAIN MYOSIN HEAVY CHAIN MUSCLE	NA
Locus_4927_Transcript_1	m.207795	1135	ENSSHAP00000018047	1134	1134	97.97	ENSSHAT00000018196	ENSSHAG00000015323	protocadherin 18 [Source:HGNC Symbol;Acc:14268]	ENSFM00710001441601	PROTOCADHERIN PRECURSOR PCDH	NA
Locus_7832_Transcript_9	m.285383	317	ENSSHAP00000018082	315	294	95.24	ENSSHAT00000018231	ENSSHAG00000015351	neuroguidin, EIF4E binding protein [Source:HGNC Symbol;Acc:20271]	ENSFM00250000005971	NEUROGUIDIN EIF4E BINDING	NA
Locus_11804_Transcript_4	m.362433	229	ENSSHAP00000018349	216	226	86.73	ENSSHAT00000018499	ENSSHAG00000015574	thiamine triphosphatase [Source:HGNC Symbol;Acc:18987]	ENSFM00250000006989	THIAMINE TRIPHOSPHATASE THTPASE EC_3.6.1.28	NA
Locus_3021_Transcript_33	m.147415	1397	ENSSHAP00000018245	2562	1393	93.04	ENSSHAT00000018395	ENSSHAG00000015490	zinc finger homeobox 2 [Source:HGNC Symbol;Acc:20152]	ENSFM00500000273253	ZINC FINGER HOMEOBOX 2 ZINC FINGER HOMEODOMAIN 2 ZFH 2	NA
Locus_17250_Transcript_7	m.422853	498	ENSSHAP00000018875	494	496	87.5	ENSSHAT00000019031	ENSSHAG00000016021	solute carrier family 37 (glycerol-3-phosphate transporter), member 2 [Source:HGNC Symbol;Acc:20644]	ENSFM00600000921174	SUGAR PHOSPHATE EXCHANGER SOLUTE CARRIER FAMILY 37 MEMBER	NA
Locus_3907_Transcript_12	m.175649	236	ENSSHAP00000018463	778	211	90.05	ENSSHAT00000018617	ENSSHAG00000015675	coiled-coil domain containing 15 [Source:HGNC Symbol;Acc:25798]	ENSFM00250000007639	COILED COIL DOMAIN CONTAINING 15	NA
Locus_54520_Transcript_1	m.509101	313	ENSSHAP00000018505	288	288	100	ENSSHAT00000018659	ENSSHAG00000015711	SIX homeobox 1 [Source:HGNC Symbol;Acc:10887]	ENSFM00710001441733	HOMEOBOX SINE OCULIS HOMEOBOX HOMOLOG	NA
Locus_133628_Transcript_10	m.541845	139	ENSSHAP00000019061	105	102	92.16	ENSSHAT00000019217	ENSSHAG00000016181	NULL	ENSFM00640001111457	UNKNOWN	NA
Locus_15129_Transcript_22	m.404367	701	ENSSHAP00000019718	700	700	78.71	ENSSHAT00000019875	ENSSHAG00000016740	FAST kinase domains 2 [Source:HGNC Symbol;Acc:29160]	ENSFM00250000007003	FAST KINASE DOMAIN CONTAINING 2	NA
Locus_18759_Transcript_1	m.434061	346	ENSSHAP00000019778	196	193	96.37	ENSSHAT00000019935	ENSSHAG00000016788	NULL	ENSFM00250000003800	ZINC TRANSPORTER ZIP11 SOLUTE CARRIER FAMILY 39 MEMBER 11 ZRT AND IRT  11 ZIP 11	NA
Locus_34370_Transcript_4	m.489399	527	ENSSHAP00000019817	527	527	76.47	ENSSHAT00000019974	ENSSHAG00000016820	malate dehydrogenase 1B, NAD (soluble) [Source:HGNC Symbol;Acc:17836]	ENSFM00400000131950	MALATE DEHYDROGENASE 1B EC_1.1.1.-	NA
Locus_67_Transcript_71	m.2249	564	ENSSHAP00000019592	563	563	93.07	ENSSHAT00000019749	ENSSHAG00000016633	solute carrier family 22 (extraneuronal monoamine transporter), member 3 [Source:HGNC Symbol;Acc:10967]	ENSFM00500000269781	SOLUTE CARRIER FAMILY 22 MEMBER ORGANIC TRANSPORTER	NA
Locus_7547_Transcript_14	m.278675	638	ENSSHAP00000019530	639	639	96.09	ENSSHAT00000019687	ENSSHAG00000016586	neuregulin 1 [Source:HGNC Symbol;Acc:7997]	ENSFM00600000921191	PRO NEUREGULIN 1 MEMBRANE BOUND PRECURSOR PRO NRG1 [CONTAINS NEUREGULIN 1 ACETYLCHOLINE RECEPTOR INDUCING ACTIVITY ARIA ]	NA
Locus_7547_Transcript_21	m.278698	694	ENSSHAP00000019531	710	703	95.16	ENSSHAT00000019688	ENSSHAG00000016586	neuregulin 1 [Source:HGNC Symbol;Acc:7997]	ENSFM00600000921191	PRO NEUREGULIN 1 MEMBRANE BOUND PRECURSOR PRO NRG1 [CONTAINS NEUREGULIN 1 ACETYLCHOLINE RECEPTOR INDUCING ACTIVITY ARIA ]	NA
Locus_6527_Transcript_13	m.253976	335	ENSSHAP00000020049	334	328	89.94	ENSSHAT00000020209	ENSSHAG00000017008	WD repeat domain 54 [Source:HGNC Symbol;Acc:25770]	ENSFM00250000008548	WD REPEAT CONTAINING 54	NA
Locus_6527_Transcript_13	m.253975	604	ENSSHAP00000020057	582	604	74.01	ENSSHAT00000020217	ENSSHAG00000017016	chromosome 2 open reading frame 81 [Source:HGNC Symbol;Acc:34350]	ENSFM00250000013526	UNCHARACTERIZED	NA
Locus_89382_Transcript_1	m.526745	219	ENSSHAP00000020115	171	171	79.53	ENSSHAT00000020275	ENSSHAG00000017064	NULL	ENSFM00540000722802	UNCHARACTERIZED	NA
Locus_100_Transcript_10	m.20651	1281	ENSSHAP00000020153	1283	1285	96.73	ENSSHAT00000020313	ENSSHAG00000017096	dynactin 1 [Source:HGNC Symbol;Acc:2711]	ENSFM00250000002185	DYNACTIN SUBUNIT 1.150 KDA DYNEIN ASSOCIATED POLYPEPTIDE DAP 150 DP 150 GLUED	NA
Locus_19406_Transcript_2	m.437801	524	ENSSHAP00000020392	525	525	94.1	ENSSHAT00000020553	ENSSHAG00000017297	aarF domain containing kinase 1 [Source:HGNC Symbol;Acc:19038]	ENSFM00250000002555	UNCHARACTERIZED AARF DOMAIN CONTAINING KINASE 1 PRECURSOR EC_2.7.11.-	NA
Locus_9539_Transcript_12	m.325179	800	ENSSHAP00000020225	721	716	99.44	ENSSHAT00000020385	ENSSHAG00000017154	cadherin 8, type 2 [Source:HGNC Symbol;Acc:1767]	ENSFM00260000050333	CADHERIN PRECURSOR	NA
Locus_16074_Transcript_4	m.413564	546	ENSSHAP00000020566	545	545	91.01	ENSSHAT00000020730	ENSSHAG00000017441	cytochrome P450, family 1, subfamily B, polypeptide 1 [Source:HGNC Symbol;Acc:2597]	ENSFM00710001441783	CYTOCHROME P450 EC_1.14.14.1	NA
Locus_10150_Transcript_4	m.335235	377	ENSSHAP00000020768	381	378	92.59	ENSSHAT00000020935	ENSSHAG00000017615	alkB, alkylation repair homolog 1 (E. coli) [Source:HGNC Symbol;Acc:17911]	ENSFM00250000006629	ALKYLATED DNA REPAIR ALKB HOMOLOG 1 EC_1.14.11.33 ALPHA KETOGLUTARATE DEPENDENT DIOXYGENASE ABH1 DNA LYASE ABH1 EC_4.2.99.- 18 DNA OXIDATIVE DEMETHYLASE ALKBH1	NA
Locus_19982_Transcript_34	m.441631	1176	ENSSHAP00000020775	1203	665	87.37	ENSSHAT00000020942	ENSSHAG00000017621	tripartite motif containing 66 [Source:HGNC Symbol;Acc:29005]	ENSFM00500000272036	TRIPARTITE MOTIF CONTAINING 66	NA
Locus_19982_Transcript_34	m.441631	1176	ENSSHAP00000020775	1203	401	90.27	ENSSHAT00000020942	ENSSHAG00000017621	tripartite motif containing 66 [Source:HGNC Symbol;Acc:29005]	ENSFM00500000272036	TRIPARTITE MOTIF CONTAINING 66	NA
Locus_2652_Transcript_4	m.135157	454	ENSSHAP00000020933	247	247	95.55	ENSSHAT00000021102	ENSSHAG00000017751	NULL	ENSFM00600000921169	E3 UBIQUITIN LIGASE EC_6.3.2.- RING FINGER	NA
Locus_3397_Transcript_20	m.157104	778	ENSSHAP00000021390	717	717	98.33	ENSSHAT00000021563	ENSSHAG00000018128	cleavage stimulation factor, 3' pre-RNA, subunit 3, 77kDa [Source:HGNC Symbol;Acc:2485]	ENSFM00250000002891	CLEAVAGE STIMULATION FACTOR SUBUNIT 3 CF 1.77 KDA SUBUNIT CLEAVAGE STIMULATION FACTOR 77 KDA SUBUNIT CSTF 77 KDA SUBUNIT CSTF 77	NA
Locus_3397_Transcript_20	m.157105	511	ENSSHAP00000021361	463	435	92.41	ENSSHAT00000021534	ENSSHAG00000018104	t-complex 11, testis-specific-like 1 [Source:HGNC Symbol;Acc:25655]	ENSFM00250000001656	T COMPLEX 11	NA
Locus_43770_Transcript_6	m.500961	554	ENSSHAP00000021246	514	516	87.4	ENSSHAT00000021418	ENSSHAG00000018007	glutamine and serine rich 1 [Source:HGNC Symbol;Acc:26154]	ENSFM00250000004244	DEP DOMAIN CONTAINING 7	NA
Locus_6127_Transcript_13	m.242156	1784	ENSSHAP00000021245	1716	1728	90.1	ENSSHAT00000021417	ENSSHAG00000018007	glutamine and serine rich 1 [Source:HGNC Symbol;Acc:26154]	ENSFM00250000004244	DEP DOMAIN CONTAINING 7	NA
Locus_11992_Transcript_9	m.365305	1396	ENSSHAP00000021670	1262	1270	85.75	ENSSHAT00000021844	ENSSHAG00000018351	SUN domain containing ossification factor [Source:HGNC Symbol;Acc:1240]	ENSFM00500000271297	SUN DOMAIN CONTAINING OSSIFICATION FACTOR PRECURSOR MEMBRANE CH1 OSTEOPOTENTIA SUN  1	NA
Locus_8500_Transcript_4	m.301064	281	ENSSHAP00000021756	270	280	77.5	ENSSHAT00000021930	ENSSHAG00000018421	Fas ligand (TNF superfamily, member 6) [Source:HGNC Symbol;Acc:11936]	ENSFM00250000005387	TUMOR NECROSIS FACTOR LIGAND SUPERFAMILY MEMBER 6 CD95 LIGAND CD95 L FAS ANTIGEN LIGAND FAS LIGAND FASL CD178 ANTIGEN [CONTAINS TUMOR NECROSIS FACTOR LIGAND SUPERFAMILY MEMBER 6 MEMBRANE FORM; TUMOR NECROSIS FACTOR LIGAND SUPERFAMILY MEMBER 6 SOLUBLE FORM	NA
Locus_90334_Transcript_10	m.527660	1028	ENSSHAP00000021880	1027	1027	99.22	ENSSHAT00000022055	ENSSHAG00000018520	contactin 4 [Source:HGNC Symbol;Acc:2174]	ENSFM00390000126303	CONTACTIN PRECURSOR	NA
Locus_10059_Transcript_27	m.333618	695	ENSSHAP00000022060	694	694	90.78	ENSSHAT00000022236	ENSSHAG00000018672	golgi integral membrane protein 4 [Source:HGNC Symbol;Acc:15448]	ENSFM00250000006699	GOLGI INTEGRAL MEMBRANE 4 GOLGI INTEGRAL MEMBRANE PROTEIN CIS GIMPC GOLGI PHOSPHOPROTEIN 4	NA
Locus_14050_Transcript_21	m.392887	1091	ENSSHAP00000022173	1027	1027	98.93	ENSSHAT00000022350	ENSSHAG00000018759	calcium channel, voltage-dependent, alpha 2/delta subunit 2 [Source:HGNC Symbol;Acc:1400]	ENSFM00710001441857	VOLTAGE DEPENDENT CALCIUM CHANNEL SUBUNIT ALPHA 2/DELTA PRECURSOR VOLTAGE GATED CALCIUM CHANNEL SUBUNIT ALPHA 2/DELTA [CONTAINS VOLTAGE DEPENDENT CALCIUM CHANNEL SUBUNIT ALPHA 2 VOLTAGE DEPENDENT CALCIUM CHANNEL SUBUNIT DELTA	NA
Locus_14050_Transcript_22	m.392892	1098	ENSSHAP00000022174	1067	1059	98.58	ENSSHAT00000022351	ENSSHAG00000018759	calcium channel, voltage-dependent, alpha 2/delta subunit 2 [Source:HGNC Symbol;Acc:1400]	ENSFM00710001441857	VOLTAGE DEPENDENT CALCIUM CHANNEL SUBUNIT ALPHA 2/DELTA PRECURSOR VOLTAGE GATED CALCIUM CHANNEL SUBUNIT ALPHA 2/DELTA [CONTAINS VOLTAGE DEPENDENT CALCIUM CHANNEL SUBUNIT ALPHA 2 VOLTAGE DEPENDENT CALCIUM CHANNEL SUBUNIT DELTA	NA
Locus_21319_Transcript_10	m.449374	1309	ENSSHAP00000022329	1149	1150	94.87	ENSSHAT00000022507	ENSSHAG00000018900	TBC1 domain family, member 4 [Source:HGNC Symbol;Acc:19165]	ENSFM00250000001599	TBC1 DOMAIN FAMILY MEMBER 4 AKT SUBSTRATE OF 160 KDA AS160	NA
Locus_21319_Transcript_6	m.449356	1253	ENSSHAP00000022330	1177	1178	94.91	ENSSHAT00000022508	ENSSHAG00000018900	TBC1 domain family, member 4 [Source:HGNC Symbol;Acc:19165]	ENSFM00250000001599	TBC1 DOMAIN FAMILY MEMBER 4 AKT SUBSTRATE OF 160 KDA AS160	NA
Locus_91817_Transcript_2	m.528550	413	ENSSHAP00000022260	330	321	81.62	ENSSHAT00000022438	ENSSHAG00000018837	interleukin 5 receptor, alpha [Source:HGNC Symbol;Acc:6017]	ENSFM00250000005449	INTERLEUKIN 5 RECEPTOR SUBUNIT ALPHA PRECURSOR IL 5 RECEPTOR SUBUNIT ALPHA IL 5R SUBUNIT ALPHA IL 5R ALPHA IL 5RA CD125 ANTIGEN	NA
